{
    "hotelOATS": {
        "macro_map": 0.3872440002669235,
        "micro_map": 0.3164351993627739,
        "w_map": 0.629545556658904
    }
}