{
    "rest16": {
        "macro_map": 0.4397516814881083,
        "micro_map": 0.5814310231124564,
        "w_map": 0.6580113443489521
    },
    "rest14": {
        "macro_map": 0.5394368158835748,
        "micro_map": 0.6456973970601458,
        "w_map": 0.6831500715907891
    }
}